{"cameraMode":{"drawMode":0,"name":"Shaded","section":"Shading Mode"},"sceneLighting":false,"audioPlay":false,"sceneViewState":{"showFog":true,"showMaterialUpdate":false,"showSkybox":false,"showFlares":true,"showImageEffects":true,"showParticleSystems":true,"showVisualEffectGraphs":true,"m_FxEnabled":true},"in2DMode":false,"pivot":{"x":0.33000001311302187,"y":1.003000020980835,"z":0.6800000071525574},"rotation":{"x":0.008215622045099736,"y":0.8896058201789856,"z":-0.4563751816749573,"w":0.016014646738767625},"size":0.08660252392292023,"orthographic":false}