{"cameraMode":{"drawMode":0,"name":"Shaded","section":"Shading Mode"},"sceneLighting":false,"audioPlay":false,"sceneViewState":{"showFog":true,"showMaterialUpdate":false,"showSkybox":false,"showFlares":false,"showImageEffects":true,"showParticleSystems":true,"showVisualEffectGraphs":true,"m_FxEnabled":true},"in2DMode":false,"pivot":{"x":-0.9867954254150391,"y":1.4519166946411133,"z":-0.8738102912902832},"rotation":{"x":-0.22083796560764314,"y":0.7790222764015198,"z":-0.40645647048950198,"w":-0.42326220870018008},"size":0.08660250902175904,"orthographic":false}