{"cameraMode":{"drawMode":0,"name":"Shaded","section":"Shading Mode"},"sceneLighting":true,"audioPlay":false,"sceneViewState":{"showFog":true,"showMaterialUpdate":false,"showSkybox":true,"showFlares":false,"showImageEffects":true,"showParticleSystems":true,"showVisualEffectGraphs":true,"m_FxEnabled":true},"in2DMode":false,"pivot":{"x":-2.7264254093170168,"y":0.4681739807128906,"z":1.0453848838806153},"rotation":{"x":-0.010774330236017704,"y":0.8904592990875244,"z":-0.4544503390789032,"w":-0.021111413836479188},"size":5.407395362854004,"orthographic":false}